data_version,market,event_id,source_dir,source_role,source_layer,source_type,content_policy,rights_class_default,gdelt_metadata_only,p0_status,ticker_jsonl_files_reported,ticker_jsonl_files_on_disk,article_rows,candidate_article_rows,ok_article_rows,bad_input_rows,first_date,last_date,summary_path,manifest_path,coverage_by_event_path,coverage_by_ticker_path,metadata_sha256,notes
p0_freeze_20260521,CSI300,covid19_first_wave,csi300_gdelt_english_news,gdelt_metadata,global_media_metadata,GDELT English metadata,metadata_only_stub,public_metadata_restricted_text,true,included,349,349,72144,59306,30321,0,2019-11-01,2020-06-29,data/csi300_gdelt_english_news/_summary.csv,data/csi300_gdelt_english_news/_manifest.json,data/csi300_gdelt_english_news/_coverage_by_event.csv,data/csi300_gdelt_english_news/_coverage_by_ticker.csv,c96bf2b16e0177fa3789d74b5555558684a46c2e2f58fd16535c3f514a1dee72,"GDELT included as metadata-only; Article is a generated metadata stub, not full text."
p0_freeze_20260521,CSI300,russia_ukraine_conflict_2022,csi300_gdelt_english_news,gdelt_metadata,global_media_metadata,GDELT English metadata,metadata_only_stub,public_metadata_restricted_text,true,included,351,351,59044,48369,23215,0,2021-11-23,2022-06-29,data/csi300_gdelt_english_news/_summary.csv,data/csi300_gdelt_english_news/_manifest.json,data/csi300_gdelt_english_news/_coverage_by_event.csv,data/csi300_gdelt_english_news/_coverage_by_ticker.csv,c96bf2b16e0177fa3789d74b5555558684a46c2e2f58fd16535c3f514a1dee72,"GDELT included as metadata-only; Article is a generated metadata stub, not full text."
p0_freeze_20260521,CSI300,israel_palestine_conflict_2023,csi300_gdelt_english_news,gdelt_metadata,global_media_metadata,GDELT English metadata,metadata_only_stub,public_metadata_restricted_text,true,included,353,353,63637,52020,23287,0,2023-07-09,2024-02-13,data/csi300_gdelt_english_news/_summary.csv,data/csi300_gdelt_english_news/_manifest.json,data/csi300_gdelt_english_news/_coverage_by_event.csv,data/csi300_gdelt_english_news/_coverage_by_ticker.csv,c96bf2b16e0177fa3789d74b5555558684a46c2e2f58fd16535c3f514a1dee72,"GDELT included as metadata-only; Article is a generated metadata stub, not full text."
p0_freeze_20260521,CSI300,us_israel_iran_conflict_2025,csi300_gdelt_english_news,gdelt_metadata,global_media_metadata,GDELT English metadata,metadata_only_stub,public_metadata_restricted_text,true,included,313,313,44194,35606,15569,0,2025-03-15,2025-09-22,data/csi300_gdelt_english_news/_summary.csv,data/csi300_gdelt_english_news/_manifest.json,data/csi300_gdelt_english_news/_coverage_by_event.csv,data/csi300_gdelt_english_news/_coverage_by_ticker.csv,c96bf2b16e0177fa3789d74b5555558684a46c2e2f58fd16535c3f514a1dee72,"GDELT included as metadata-only; Article is a generated metadata stub, not full text."
p0_freeze_20260521,CSI300,covid19_first_wave,csi300_news,main_local_news,main_local_news,market-local company news,full_text_or_summary_restricted,restricted,false,included,300,300,253288,158207,91038,0,2019-11-01,2020-06-29,data/csi300_news/_summary.csv,data/csi300_news/_manifest.json,,,9836f47178e5cdcd23a9663781265bd8f8ccc2a467dcfeb5545f68edbab35a3c,Main/local article body redistribution is restricted until rights audit passes.
p0_freeze_20260521,CSI300,russia_ukraine_conflict_2022,csi300_news,main_local_news,main_local_news,market-local company news,full_text_or_summary_restricted,restricted,false,included,300,300,302684,183755,103904,0,2021-11-23,2022-06-29,data/csi300_news/_summary.csv,data/csi300_news/_manifest.json,,,9836f47178e5cdcd23a9663781265bd8f8ccc2a467dcfeb5545f68edbab35a3c,Main/local article body redistribution is restricted until rights audit passes.
p0_freeze_20260521,CSI300,israel_palestine_conflict_2023,csi300_news,main_local_news,main_local_news,market-local company news,full_text_or_summary_restricted,restricted,false,included,300,300,279480,160556,93083,0,2023-07-09,2024-02-13,data/csi300_news/_summary.csv,data/csi300_news/_manifest.json,,,9836f47178e5cdcd23a9663781265bd8f8ccc2a467dcfeb5545f68edbab35a3c,Main/local article body redistribution is restricted until rights audit passes.
p0_freeze_20260521,CSI300,us_israel_iran_conflict_2025,csi300_news,main_local_news,main_local_news,market-local company news,full_text_or_summary_restricted,restricted,false,included,300,300,341271,294641,152557,0,2025-03-15,2025-09-22,data/csi300_news/_summary.csv,data/csi300_news/_manifest.json,,,9836f47178e5cdcd23a9663781265bd8f8ccc2a467dcfeb5545f68edbab35a3c,Main/local article body redistribution is restricted until rights audit passes.
p0_freeze_20260521,HSTECH,covid19_first_wave,hstech_gdelt_english_news,gdelt_metadata,global_media_metadata,GDELT English metadata,metadata_only_stub,public_metadata_restricted_text,true,included,43,43,19442,15247,6491,0,2019-11-01,2020-06-29,data/hstech_gdelt_english_news/_summary.csv,data/hstech_gdelt_english_news/_manifest.json,data/hstech_gdelt_english_news/_coverage_by_event.csv,data/hstech_gdelt_english_news/_coverage_by_ticker.csv,72efc40701503cff465884dac1f46983bda1cd67c85f512184b153b8cc34239d,"GDELT included as metadata-only; Article is a generated metadata stub, not full text."
p0_freeze_20260521,HSTECH,russia_ukraine_conflict_2022,hstech_gdelt_english_news,gdelt_metadata,global_media_metadata,GDELT English metadata,metadata_only_stub,public_metadata_restricted_text,true,included,47,47,16676,11840,5868,0,2021-11-23,2022-06-29,data/hstech_gdelt_english_news/_summary.csv,data/hstech_gdelt_english_news/_manifest.json,data/hstech_gdelt_english_news/_coverage_by_event.csv,data/hstech_gdelt_english_news/_coverage_by_ticker.csv,72efc40701503cff465884dac1f46983bda1cd67c85f512184b153b8cc34239d,"GDELT included as metadata-only; Article is a generated metadata stub, not full text."
p0_freeze_20260521,HSTECH,israel_palestine_conflict_2023,hstech_gdelt_english_news,gdelt_metadata,global_media_metadata,GDELT English metadata,metadata_only_stub,public_metadata_restricted_text,true,included,48,48,17444,12532,5804,0,2023-07-09,2024-02-13,data/hstech_gdelt_english_news/_summary.csv,data/hstech_gdelt_english_news/_manifest.json,data/hstech_gdelt_english_news/_coverage_by_event.csv,data/hstech_gdelt_english_news/_coverage_by_ticker.csv,72efc40701503cff465884dac1f46983bda1cd67c85f512184b153b8cc34239d,"GDELT included as metadata-only; Article is a generated metadata stub, not full text."
p0_freeze_20260521,HSTECH,us_israel_iran_conflict_2025,hstech_gdelt_english_news,gdelt_metadata,global_media_metadata,GDELT English metadata,metadata_only_stub,public_metadata_restricted_text,true,included,48,48,13918,10678,4959,0,2025-03-15,2025-09-22,data/hstech_gdelt_english_news/_summary.csv,data/hstech_gdelt_english_news/_manifest.json,data/hstech_gdelt_english_news/_coverage_by_event.csv,data/hstech_gdelt_english_news/_coverage_by_ticker.csv,72efc40701503cff465884dac1f46983bda1cd67c85f512184b153b8cc34239d,"GDELT included as metadata-only; Article is a generated metadata stub, not full text."
p0_freeze_20260521,HSTECH,covid19_first_wave,hstech_tushare_news,tushare_supplement,supplement_news,Tushare-derived company news,full_text_or_summary_restricted,restricted,false,included,50,50,34905,34905,34391,0,2019-11-01,2020-06-29,data/hstech_tushare_news/_summary.csv,data/hstech_tushare_news/_manifest.json,,,834320bcc0795403c64a2b86cdab92c2341bbf01ea90c8710cab04c7e205dae9,Current freeze has HSTECH GDELT plus Tushare supplement; no separate hstech_news directory is present. Tushare-derived content is restricted until source-level rights audit passes.
p0_freeze_20260521,HSTECH,russia_ukraine_conflict_2022,hstech_tushare_news,tushare_supplement,supplement_news,Tushare-derived company news,full_text_or_summary_restricted,restricted,false,included,35,35,25181,25181,24923,0,2021-11-23,2022-06-29,data/hstech_tushare_news/_summary.csv,data/hstech_tushare_news/_manifest.json,,,834320bcc0795403c64a2b86cdab92c2341bbf01ea90c8710cab04c7e205dae9,Current freeze has HSTECH GDELT plus Tushare supplement; no separate hstech_news directory is present. Tushare-derived content is restricted until source-level rights audit passes.
p0_freeze_20260521,HSTECH,israel_palestine_conflict_2023,hstech_tushare_news,tushare_supplement,supplement_news,Tushare-derived company news,full_text_or_summary_restricted,restricted,false,included,33,33,9217,9217,9189,0,2023-07-10,2024-02-13,data/hstech_tushare_news/_summary.csv,data/hstech_tushare_news/_manifest.json,,,834320bcc0795403c64a2b86cdab92c2341bbf01ea90c8710cab04c7e205dae9,Current freeze has HSTECH GDELT plus Tushare supplement; no separate hstech_news directory is present. Tushare-derived content is restricted until source-level rights audit passes.
p0_freeze_20260521,HSTECH,us_israel_iran_conflict_2025,hstech_tushare_news,tushare_supplement,supplement_news,Tushare-derived company news,full_text_or_summary_restricted,restricted,false,included,31,31,21098,21098,21007,0,2025-03-15,2025-09-22,data/hstech_tushare_news/_summary.csv,data/hstech_tushare_news/_manifest.json,,,834320bcc0795403c64a2b86cdab92c2341bbf01ea90c8710cab04c7e205dae9,Current freeze has HSTECH GDELT plus Tushare supplement; no separate hstech_news directory is present. Tushare-derived content is restricted until source-level rights audit passes.
p0_freeze_20260521,Nikkei225,covid19_first_wave,nikkei225_gdelt_english_news,gdelt_metadata,global_media_metadata,GDELT English metadata,metadata_only_stub,public_metadata_restricted_text,true,included,223,223,100024,93178,54148,0,2019-11-01,2020-06-29,data/nikkei225_gdelt_english_news/_summary.csv,data/nikkei225_gdelt_english_news/_manifest.json,data/nikkei225_gdelt_english_news/_coverage_by_event.csv,data/nikkei225_gdelt_english_news/_coverage_by_ticker.csv,f307211e1a5e56ca6ad29e119f565100fbba4e7144e01bda0cd5a5bd8bf74223,"GDELT included as metadata-only; Article is a generated metadata stub, not full text."
p0_freeze_20260521,Nikkei225,russia_ukraine_conflict_2022,nikkei225_gdelt_english_news,gdelt_metadata,global_media_metadata,GDELT English metadata,metadata_only_stub,public_metadata_restricted_text,true,included,221,221,81218,74667,42733,0,2021-11-23,2022-06-29,data/nikkei225_gdelt_english_news/_summary.csv,data/nikkei225_gdelt_english_news/_manifest.json,data/nikkei225_gdelt_english_news/_coverage_by_event.csv,data/nikkei225_gdelt_english_news/_coverage_by_ticker.csv,f307211e1a5e56ca6ad29e119f565100fbba4e7144e01bda0cd5a5bd8bf74223,"GDELT included as metadata-only; Article is a generated metadata stub, not full text."
p0_freeze_20260521,Nikkei225,israel_palestine_conflict_2023,nikkei225_gdelt_english_news,gdelt_metadata,global_media_metadata,GDELT English metadata,metadata_only_stub,public_metadata_restricted_text,true,included,221,221,84115,77209,40622,0,2023-07-09,2024-02-13,data/nikkei225_gdelt_english_news/_summary.csv,data/nikkei225_gdelt_english_news/_manifest.json,data/nikkei225_gdelt_english_news/_coverage_by_event.csv,data/nikkei225_gdelt_english_news/_coverage_by_ticker.csv,f307211e1a5e56ca6ad29e119f565100fbba4e7144e01bda0cd5a5bd8bf74223,"GDELT included as metadata-only; Article is a generated metadata stub, not full text."
p0_freeze_20260521,Nikkei225,us_israel_iran_conflict_2025,nikkei225_gdelt_english_news,gdelt_metadata,global_media_metadata,GDELT English metadata,metadata_only_stub,public_metadata_restricted_text,true,included,220,220,57389,52098,25436,0,2025-03-15,2025-09-22,data/nikkei225_gdelt_english_news/_summary.csv,data/nikkei225_gdelt_english_news/_manifest.json,data/nikkei225_gdelt_english_news/_coverage_by_event.csv,data/nikkei225_gdelt_english_news/_coverage_by_ticker.csv,f307211e1a5e56ca6ad29e119f565100fbba4e7144e01bda0cd5a5bd8bf74223,"GDELT included as metadata-only; Article is a generated metadata stub, not full text."
p0_freeze_20260521,Nikkei225,covid19_first_wave,nikkei225_news,main_local_news,main_local_news,market-local company news,full_text_or_summary_restricted,restricted,false,included,223,223,3712,3712,3712,0,2019-11-01,2020-06-29,data/nikkei225_news/_summary.csv,data/nikkei225_news/_manifest.json,,,6a9e99c7d4e10a70c11eb4a8c4a69584d17ad38a4cc2dac54c9a5a80968fbe81,Nikkei225 main/local layer has low article volume and many summary-only records; rights audit required.
p0_freeze_20260521,Nikkei225,russia_ukraine_conflict_2022,nikkei225_news,main_local_news,main_local_news,market-local company news,full_text_or_summary_restricted,restricted,false,included,219,219,4631,4631,4631,0,2021-11-24,2022-06-29,data/nikkei225_news/_summary.csv,data/nikkei225_news/_manifest.json,,,6a9e99c7d4e10a70c11eb4a8c4a69584d17ad38a4cc2dac54c9a5a80968fbe81,Nikkei225 main/local layer has low article volume and many summary-only records; rights audit required.
p0_freeze_20260521,Nikkei225,israel_palestine_conflict_2023,nikkei225_news,main_local_news,main_local_news,market-local company news,full_text_or_summary_restricted,restricted,false,included,217,217,5519,5519,5519,0,2023-07-10,2024-02-13,data/nikkei225_news/_summary.csv,data/nikkei225_news/_manifest.json,,,6a9e99c7d4e10a70c11eb4a8c4a69584d17ad38a4cc2dac54c9a5a80968fbe81,Nikkei225 main/local layer has low article volume and many summary-only records; rights audit required.
p0_freeze_20260521,Nikkei225,us_israel_iran_conflict_2025,nikkei225_news,main_local_news,main_local_news,market-local company news,full_text_or_summary_restricted,restricted,false,included,216,216,6153,6153,6153,0,2025-03-17,2025-09-22,data/nikkei225_news/_summary.csv,data/nikkei225_news/_manifest.json,,,6a9e99c7d4e10a70c11eb4a8c4a69584d17ad38a4cc2dac54c9a5a80968fbe81,Nikkei225 main/local layer has low article volume and many summary-only records; rights audit required.
p0_freeze_20260521,Nikkei225,covid19_first_wave,nikkei225_tushare_news,tushare_supplement,supplement_news,Tushare-derived company news,full_text_or_summary_restricted,restricted,false,included,22,22,1501,1501,1501,0,2019-11-01,2020-06-29,data/nikkei225_tushare_news/_summary.csv,data/nikkei225_tushare_news/_manifest.json,,,db68b7fa2e5037fb400579e2be422f814d70bcb9c6f6ffe27ca08185b0f7e657,Nikkei225 Tushare supplement has low ticker coverage; use coverage_missing_flag in P0 features. Tushare-derived content is restricted until source-level rights audit passes.
p0_freeze_20260521,Nikkei225,russia_ukraine_conflict_2022,nikkei225_tushare_news,tushare_supplement,supplement_news,Tushare-derived company news,full_text_or_summary_restricted,restricted,false,included,26,26,1872,1872,1872,0,2021-11-23,2022-06-29,data/nikkei225_tushare_news/_summary.csv,data/nikkei225_tushare_news/_manifest.json,,,db68b7fa2e5037fb400579e2be422f814d70bcb9c6f6ffe27ca08185b0f7e657,Nikkei225 Tushare supplement has low ticker coverage; use coverage_missing_flag in P0 features. Tushare-derived content is restricted until source-level rights audit passes.
p0_freeze_20260521,Nikkei225,israel_palestine_conflict_2023,nikkei225_tushare_news,tushare_supplement,supplement_news,Tushare-derived company news,full_text_or_summary_restricted,restricted,false,included,31,31,1400,1400,1400,0,2023-07-10,2024-02-13,data/nikkei225_tushare_news/_summary.csv,data/nikkei225_tushare_news/_manifest.json,,,db68b7fa2e5037fb400579e2be422f814d70bcb9c6f6ffe27ca08185b0f7e657,Nikkei225 Tushare supplement has low ticker coverage; use coverage_missing_flag in P0 features. Tushare-derived content is restricted until source-level rights audit passes.
p0_freeze_20260521,Nikkei225,us_israel_iran_conflict_2025,nikkei225_tushare_news,tushare_supplement,supplement_news,Tushare-derived company news,full_text_or_summary_restricted,restricted,false,included,27,27,1254,1254,1254,0,2025-03-17,2025-09-22,data/nikkei225_tushare_news/_summary.csv,data/nikkei225_tushare_news/_manifest.json,,,db68b7fa2e5037fb400579e2be422f814d70bcb9c6f6ffe27ca08185b0f7e657,Nikkei225 Tushare supplement has low ticker coverage; use coverage_missing_flag in P0 features. Tushare-derived content is restricted until source-level rights audit passes.
p0_freeze_20260521,SP500,covid19_first_wave,sp500_gdelt_english_news,gdelt_metadata,global_media_metadata,GDELT English metadata,metadata_only_stub,public_metadata_restricted_text,true,included,585,585,546087,345429,192657,0,2019-11-01,2020-06-29,data/sp500_gdelt_english_news/_summary.csv,data/sp500_gdelt_english_news/_manifest.json,data/sp500_gdelt_english_news/_coverage_by_event.csv,data/sp500_gdelt_english_news/_coverage_by_ticker.csv,180de06e6495b25eb9971721dc577755cdd45c1b4d769a4bf40b0d0465e657ff,"GDELT included as metadata-only; Article is a generated metadata stub, not full text."
p0_freeze_20260521,SP500,russia_ukraine_conflict_2022,sp500_gdelt_english_news,gdelt_metadata,global_media_metadata,GDELT English metadata,metadata_only_stub,public_metadata_restricted_text,true,included,584,584,473795,311850,162949,0,2021-11-23,2022-06-29,data/sp500_gdelt_english_news/_summary.csv,data/sp500_gdelt_english_news/_manifest.json,data/sp500_gdelt_english_news/_coverage_by_event.csv,data/sp500_gdelt_english_news/_coverage_by_ticker.csv,180de06e6495b25eb9971721dc577755cdd45c1b4d769a4bf40b0d0465e657ff,"GDELT included as metadata-only; Article is a generated metadata stub, not full text."
p0_freeze_20260521,SP500,israel_palestine_conflict_2023,sp500_gdelt_english_news,gdelt_metadata,global_media_metadata,GDELT English metadata,metadata_only_stub,public_metadata_restricted_text,true,included,587,587,506767,327562,162152,0,2023-07-09,2024-02-13,data/sp500_gdelt_english_news/_summary.csv,data/sp500_gdelt_english_news/_manifest.json,data/sp500_gdelt_english_news/_coverage_by_event.csv,data/sp500_gdelt_english_news/_coverage_by_ticker.csv,180de06e6495b25eb9971721dc577755cdd45c1b4d769a4bf40b0d0465e657ff,"GDELT included as metadata-only; Article is a generated metadata stub, not full text."
p0_freeze_20260521,SP500,us_israel_iran_conflict_2025,sp500_gdelt_english_news,gdelt_metadata,global_media_metadata,GDELT English metadata,metadata_only_stub,public_metadata_restricted_text,true,included,587,587,403082,259805,129835,0,2025-03-15,2025-09-22,data/sp500_gdelt_english_news/_summary.csv,data/sp500_gdelt_english_news/_manifest.json,data/sp500_gdelt_english_news/_coverage_by_event.csv,data/sp500_gdelt_english_news/_coverage_by_ticker.csv,180de06e6495b25eb9971721dc577755cdd45c1b4d769a4bf40b0d0465e657ff,"GDELT included as metadata-only; Article is a generated metadata stub, not full text."
p0_freeze_20260521,SP500,covid19_first_wave,sp500_news,main_local_news,main_local_news,market-local company news,full_text_or_summary_restricted,restricted,false,included,367,367,41218,41218,41218,0,2019-11-01,2020-06-29,data/sp500_news/_summary.csv,data/sp500_news/_manifest.json,,,1cb2d1b200ce78f13115d4a364f55ea78cdffc846c44f9a39bdaf708932a04de,Main/local article body redistribution is restricted until rights audit passes.
p0_freeze_20260521,SP500,russia_ukraine_conflict_2022,sp500_news,main_local_news,main_local_news,market-local company news,full_text_or_summary_restricted,restricted,false,included,368,368,64827,64827,64827,0,2021-11-23,2022-06-29,data/sp500_news/_summary.csv,data/sp500_news/_manifest.json,,,1cb2d1b200ce78f13115d4a364f55ea78cdffc846c44f9a39bdaf708932a04de,Main/local article body redistribution is restricted until rights audit passes.
p0_freeze_20260521,SP500,israel_palestine_conflict_2023,sp500_news,main_local_news,main_local_news,market-local company news,full_text_or_summary_restricted,restricted,false,included,412,412,85549,85549,85549,0,2023-07-09,2024-02-13,data/sp500_news/_summary.csv,data/sp500_news/_manifest.json,,,1cb2d1b200ce78f13115d4a364f55ea78cdffc846c44f9a39bdaf708932a04de,Main/local article body redistribution is restricted until rights audit passes.
p0_freeze_20260521,SP500,us_israel_iran_conflict_2025,sp500_news,main_local_news,main_local_news,market-local company news,full_text_or_summary_restricted,restricted,false,included,267,267,14274,14274,14274,0,2025-03-15,2025-05-09,data/sp500_news/_summary.csv,data/sp500_news/_manifest.json,,,1cb2d1b200ce78f13115d4a364f55ea78cdffc846c44f9a39bdaf708932a04de,"SP500 2025 main-news window ends before the common 2025-09-22 window; later dates are source-unavailable, not zero news. Main/local article body redistribution is restricted until rights audit passes."
p0_freeze_20260521,SP500,covid19_first_wave,sp500_tushare_news,tushare_supplement,supplement_news,Tushare-derived company news,full_text_or_summary_restricted,restricted,false,included,144,144,12500,12500,12500,0,2019-11-01,2020-06-29,data/sp500_tushare_news/_summary.csv,data/sp500_tushare_news/_manifest.json,,,378104bd601dfb7ee514d59cc0b27fb4b4b25dd365962de02faac2a46143745d,Tushare-derived content is restricted until source-level rights audit passes.
p0_freeze_20260521,SP500,russia_ukraine_conflict_2022,sp500_tushare_news,tushare_supplement,supplement_news,Tushare-derived company news,full_text_or_summary_restricted,restricted,false,included,185,185,16173,16173,16173,0,2021-11-23,2022-06-29,data/sp500_tushare_news/_summary.csv,data/sp500_tushare_news/_manifest.json,,,378104bd601dfb7ee514d59cc0b27fb4b4b25dd365962de02faac2a46143745d,Tushare-derived content is restricted until source-level rights audit passes.
p0_freeze_20260521,SP500,israel_palestine_conflict_2023,sp500_tushare_news,tushare_supplement,supplement_news,Tushare-derived company news,full_text_or_summary_restricted,restricted,false,included,175,175,11765,11765,11765,0,2023-07-09,2024-02-13,data/sp500_tushare_news/_summary.csv,data/sp500_tushare_news/_manifest.json,,,378104bd601dfb7ee514d59cc0b27fb4b4b25dd365962de02faac2a46143745d,Tushare-derived content is restricted until source-level rights audit passes.
p0_freeze_20260521,SP500,us_israel_iran_conflict_2025,sp500_tushare_news,tushare_supplement,supplement_news,Tushare-derived company news,full_text_or_summary_restricted,restricted,false,included,159,159,21453,21453,21453,0,2025-03-15,2025-09-22,data/sp500_tushare_news/_summary.csv,data/sp500_tushare_news/_manifest.json,,,378104bd601dfb7ee514d59cc0b27fb4b4b25dd365962de02faac2a46143745d,Tushare-derived content is restricted until source-level rights audit passes.
