event_id,market,ticker,event_return,label_available_flag
demo_train,DEMO,D01,-0.12,true
demo_train,DEMO,D02,-0.08,true
demo_train,DEMO,D03,-0.05,true
demo_train,DEMO,D04,-0.03,true
demo_train,DEMO,D05,-0.01,true
demo_train,DEMO,D06,0.00,true
demo_train,DEMO,D07,0.01,true
demo_train,DEMO,D08,0.03,true
demo_train,DEMO,D09,0.05,true
demo_train,DEMO,D10,0.20,true
demo_test,DEMO,D11,-0.18,true
demo_test,DEMO,D12,-0.07,true
demo_test,DEMO,D13,-0.02,true
demo_test,DEMO,D14,0.01,true
demo_test,DEMO,D15,0.06,true
demo_test,DEMO,D16,0.20,true

